Id,Predicted
0,decreasevolume
1,increaseheat
2,increaseheat
3,deactivatelights
4,decreasevolume
5,increaseheat
6,increasevolume
7,deactivatelights
8,decreaseheat
9,deactivatelights
10,increaseheat
11,decreaseheat
12,deactivatelights
13,decreasevolume
14,increasevolume
15,decreasevolume
16,change languagenone
17,decreaseheat
18,decreasevolume
19,deactivatelights
20,change languagenone
21,decreasevolume
22,increasevolume
23,decreasevolume
24,decreasevolume
25,activatemusic
26,increasevolume
27,increasevolume
28,increasevolume
29,decreasevolume
30,decreasevolume
31,increasevolume
32,decreasevolume
33,change languagenone
34,increasevolume
35,deactivatelights
36,activatemusic
37,decreasevolume
38,change languagenone
39,decreasevolume
40,decreasevolume
41,activatemusic
42,decreasevolume
43,increaseheat
44,increasevolume
45,increasevolume
46,increasevolume
47,decreasevolume
48,deactivatelights
49,increasevolume
50,increaseheat
51,decreasevolume
52,change languagenone
53,increasevolume
54,decreasevolume
55,increasevolume
56,decreasevolume
57,decreaseheat
58,activatemusic
59,decreasevolume
60,increaseheat
61,change languagenone
62,increasevolume
63,increasevolume
64,increasevolume
65,increasevolume
66,increaseheat
67,deactivatelights
68,deactivatelights
69,increaseheat
70,decreasevolume
71,decreaseheat
72,decreaseheat
73,increasevolume
74,decreaseheat
75,increasevolume
76,change languagenone
77,decreasevolume
78,activatemusic
79,increaseheat
80,decreaseheat
81,increasevolume
82,increasevolume
83,deactivatelights
84,increasevolume
85,decreaseheat
86,decreasevolume
87,decreasevolume
88,activatemusic
89,decreasevolume
90,activatemusic
91,decreasevolume
92,decreasevolume
93,increasevolume
94,change languagenone
95,decreaseheat
96,decreasevolume
97,decreaseheat
98,activatemusic
99,change languagenone
100,decreasevolume
101,increaseheat
102,increaseheat
103,deactivatelights
104,increasevolume
105,decreaseheat
106,change languagenone
107,decreaseheat
108,decreaseheat
109,deactivatelights
110,increaseheat
111,decreasevolume
112,activatemusic
113,decreasevolume
114,decreasevolume
115,change languagenone
116,decreaseheat
117,decreasevolume
118,decreaseheat
119,deactivatelights
120,increasevolume
121,decreasevolume
122,change languagenone
123,increasevolume
124,decreaseheat
125,activatemusic
126,increasevolume
127,activatemusic
128,decreasevolume
129,increaseheat
130,increaseheat
131,increasevolume
132,increaseheat
133,increasevolume
134,decreasevolume
135,decreasevolume
136,increaseheat
137,increaseheat
138,activatemusic
139,decreaseheat
140,decreasevolume
141,increasevolume
142,increasevolume
143,deactivatelights
144,change languagenone
145,decreasevolume
146,increaseheat
147,change languagenone
148,increasevolume
149,decreasevolume
150,decreasevolume
151,increasevolume
152,increaseheat
153,decreaseheat
154,increasevolume
155,increaseheat
156,increaseheat
157,deactivatelights
158,change languagenone
159,deactivatelights
160,decreasevolume
161,activatemusic
162,increaseheat
163,decreasevolume
164,change languagenone
165,decreasevolume
166,increasevolume
167,increasevolume
168,change languagenone
169,decreaseheat
170,decreasevolume
171,decreasevolume
172,decreasevolume
173,increasevolume
174,decreasevolume
175,increasevolume
176,decreasevolume
177,deactivatelights
178,change languagenone
179,decreasevolume
180,increasevolume
181,increaseheat
182,increaseheat
183,change languagenone
184,increaseheat
185,decreaseheat
186,increasevolume
187,activatemusic
188,deactivatelights
189,change languagenone
190,increasevolume
191,change languagenone
192,change languagenone
193,increasevolume
194,decreaseheat
195,increasevolume
196,increasevolume
197,decreasevolume
198,activatemusic
199,change languagenone
200,change languagenone
201,increasevolume
202,decreasevolume
203,change languagenone
204,decreaseheat
205,decreaseheat
206,decreasevolume
207,decreasevolume
208,increasevolume
209,activatemusic
210,increasevolume
211,decreaseheat
212,increaseheat
213,decreaseheat
214,increasevolume
215,decreaseheat
216,decreasevolume
217,increasevolume
218,increasevolume
219,increasevolume
220,activatemusic
221,change languagenone
222,increasevolume
223,increasevolume
224,decreasevolume
225,decreaseheat
226,activatemusic
227,decreaseheat
228,increasevolume
229,activatemusic
230,increasevolume
231,decreasevolume
232,decreaseheat
233,decreasevolume
234,change languagenone
235,increaseheat
236,increaseheat
237,increasevolume
238,change languagenone
239,increasevolume
240,decreaseheat
241,deactivatelights
242,decreasevolume
243,increasevolume
244,increasevolume
245,deactivatelights
246,activatemusic
247,deactivatelights
248,decreasevolume
249,decreasevolume
250,increaseheat
251,increasevolume
252,increasevolume
253,decreaseheat
254,increasevolume
255,increasevolume
256,decreaseheat
257,decreasevolume
258,decreaseheat
259,increasevolume
260,change languagenone
261,activatemusic
262,increasevolume
263,decreasevolume
264,activatemusic
265,decreasevolume
266,decreasevolume
267,change languagenone
268,decreasevolume
269,increasevolume
270,increaseheat
271,change languagenone
272,increasevolume
273,increaseheat
274,decreasevolume
275,increasevolume
276,increasevolume
277,increaseheat
278,decreasevolume
279,decreasevolume
280,increasevolume
281,decreasevolume
282,change languagenone
283,change languagenone
284,increasevolume
285,decreasevolume
286,increaseheat
287,increaseheat
288,activatemusic
289,decreaseheat
290,increasevolume
291,increaseheat
292,increaseheat
293,change languagenone
294,deactivatelights
295,change languagenone
296,activatemusic
297,increaseheat
298,increasevolume
299,increasevolume
300,decreasevolume
301,activatemusic
302,change languagenone
303,increasevolume
304,increaseheat
305,change languagenone
306,increasevolume
307,increasevolume
308,increaseheat
309,increaseheat
310,increaseheat
311,decreasevolume
312,increasevolume
313,change languagenone
314,increasevolume
315,increasevolume
316,decreasevolume
317,increasevolume
318,decreasevolume
319,decreasevolume
320,decreasevolume
321,decreaseheat
322,decreasevolume
323,increasevolume
324,change languagenone
325,increaseheat
326,increasevolume
327,increasevolume
328,increasevolume
329,decreasevolume
330,change languagenone
331,increasevolume
332,decreaseheat
333,increaseheat
334,decreasevolume
335,increaseheat
336,decreasevolume
337,decreaseheat
338,decreasevolume
339,increasevolume
340,increaseheat
341,increaseheat
342,increasevolume
343,increasevolume
344,activatemusic
345,increaseheat
346,decreasevolume
347,increasevolume
348,deactivatelights
349,deactivatelights
350,decreasevolume
351,deactivatelights
352,increaseheat
353,increasevolume
354,increasevolume
355,change languagenone
356,increaseheat
357,increasevolume
358,increasevolume
359,change languagenone
360,decreaseheat
361,decreasevolume
362,decreaseheat
363,decreasevolume
364,decreasevolume
365,decreaseheat
366,increasevolume
367,increasevolume
368,deactivatelights
369,increasevolume
370,increasevolume
371,increaseheat
372,increasevolume
373,change languagenone
374,decreasevolume
375,increaseheat
376,decreasevolume
377,decreaseheat
378,decreaseheat
379,increasevolume
380,change languagenone
381,decreasevolume
382,decreaseheat
383,activatemusic
384,decreasevolume
385,decreasevolume
386,increasevolume
387,increaseheat
388,increaseheat
389,decreaseheat
390,increasevolume
391,increaseheat
392,decreasevolume
393,change languagenone
394,activatemusic
395,activatemusic
396,decreaseheat
397,increasevolume
398,increaseheat
399,decreaseheat
400,activatemusic
401,increaseheat
402,deactivatelights
403,deactivatelights
404,increaseheat
405,increaseheat
406,change languagenone
407,decreasevolume
408,deactivatelights
409,decreasevolume
410,decreasevolume
411,increasevolume
412,increasevolume
413,activatemusic
414,increasevolume
415,increasevolume
416,increaseheat
417,activatemusic
418,change languagenone
419,change languagenone
420,increasevolume
421,decreasevolume
422,decreasevolume
423,decreasevolume
424,decreasevolume
425,increaseheat
426,increasevolume
427,increasevolume
428,increasevolume
429,decreasevolume
430,decreaseheat
431,decreaseheat
432,decreasevolume
433,increasevolume
434,decreaseheat
435,increasevolume
436,increasevolume
437,deactivatelights
438,activatemusic
439,increasevolume
440,increasevolume
441,activatemusic
442,decreasevolume
443,decreaseheat
444,decreaseheat
445,increasevolume
446,increaseheat
447,decreasevolume
448,increasevolume
449,change languagenone
450,increasevolume
451,increaseheat
452,decreasevolume
453,increaseheat
454,decreaseheat
455,increasevolume
456,decreasevolume
457,decreasevolume
458,decreasevolume
459,increaseheat
460,increasevolume
461,change languagenone
462,decreaseheat
463,increasevolume
464,decreaseheat
465,increasevolume
466,decreasevolume
467,decreasevolume
468,change languagenone
469,decreasevolume
470,change languagenone
471,decreasevolume
472,increasevolume
473,increasevolume
474,increasevolume
475,decreasevolume
476,increasevolume
477,decreasevolume
478,increaseheat
479,decreasevolume
480,increasevolume
481,decreasevolume
482,increasevolume
483,decreasevolume
484,decreasevolume
485,increasevolume
486,decreaseheat
487,activatemusic
488,decreasevolume
489,increasevolume
490,activatemusic
491,decreasevolume
492,decreasevolume
493,decreaseheat
494,change languagenone
495,decreaseheat
496,increaseheat
497,decreasevolume
498,decreasevolume
499,decreaseheat
500,increaseheat
501,deactivatelights
502,deactivatelights
503,decreaseheat
504,deactivatelights
505,change languagenone
506,decreaseheat
507,decreasevolume
508,increasevolume
509,increasevolume
510,decreaseheat
511,increasevolume
512,increasevolume
513,decreaseheat
514,decreaseheat
515,increasevolume
516,increasevolume
517,increasevolume
518,decreasevolume
519,increasevolume
520,increasevolume
521,increaseheat
522,increaseheat
523,increasevolume
524,increasevolume
525,increaseheat
526,activatemusic
527,increasevolume
528,increaseheat
529,decreasevolume
530,increasevolume
531,activatemusic
532,increasevolume
533,increasevolume
534,increaseheat
535,change languagenone
536,increaseheat
537,increasevolume
538,increaseheat
539,increasevolume
540,activatemusic
541,increaseheat
542,decreasevolume
543,increasevolume
544,deactivatelights
545,activatemusic
546,decreasevolume
547,decreaseheat
548,increaseheat
549,change languagenone
550,increasevolume
551,decreaseheat
552,change languagenone
553,decreasevolume
554,change languagenone
555,decreasevolume
556,activatemusic
557,decreasevolume
558,decreasevolume
559,decreaseheat
560,decreaseheat
561,increasevolume
562,deactivatelights
563,decreasevolume
564,increasevolume
565,activatemusic
566,increaseheat
567,increasevolume
568,increaseheat
569,decreasevolume
570,decreasevolume
571,increasevolume
572,change languagenone
573,increasevolume
574,change languagenone
575,decreasevolume
576,decreasevolume
577,increasevolume
578,increasevolume
579,decreaseheat
580,increasevolume
581,increasevolume
582,increasevolume
583,change languagenone
584,increasevolume
585,decreasevolume
586,increasevolume
587,decreasevolume
588,decreasevolume
589,increaseheat
590,increasevolume
591,increasevolume
592,decreasevolume
593,decreasevolume
594,increasevolume
595,decreasevolume
596,activatemusic
597,decreasevolume
598,increaseheat
599,increasevolume
600,decreasevolume
601,increasevolume
602,increasevolume
603,decreaseheat
604,increasevolume
605,deactivatelights
606,increasevolume
607,increaseheat
608,increasevolume
609,change languagenone
610,increasevolume
611,activatemusic
612,increasevolume
613,activatemusic
614,deactivatelights
615,decreasevolume
616,decreaseheat
617,decreasevolume
618,increasevolume
619,change languagenone
620,increaseheat
621,increaseheat
622,decreasevolume
623,activatemusic
624,decreasevolume
625,decreasevolume
626,increasevolume
627,decreasevolume
628,decreasevolume
629,decreasevolume
630,decreasevolume
631,change languagenone
632,change languagenone
633,decreasevolume
634,activatemusic
635,increasevolume
636,activatemusic
637,deactivatelights
638,decreasevolume
639,decreaseheat
640,decreaseheat
641,decreasevolume
642,increasevolume
643,decreaseheat
644,increaseheat
645,increaseheat
646,decreasevolume
647,change languagenone
648,increasevolume
649,change languagenone
650,change languagenone
651,change languagenone
652,decreaseheat
653,decreasevolume
654,change languagenone
655,increasevolume
656,increasevolume
657,increasevolume
658,increasevolume
659,activatemusic
660,increasevolume
661,change languagenone
662,decreasevolume
663,decreasevolume
664,decreaseheat
665,decreasevolume
666,decreasevolume
667,activatemusic
668,change languagenone
669,decreasevolume
670,decreasevolume
671,increasevolume
672,increaseheat
673,decreaseheat
674,change languagenone
675,increasevolume
676,change languagenone
677,increasevolume
678,activatemusic
679,activatemusic
680,decreasevolume
681,decreasevolume
682,decreasevolume
683,decreasevolume
684,change languagenone
685,increasevolume
686,increasevolume
687,decreasevolume
688,decreasevolume
689,change languagenone
690,increasevolume
691,increasevolume
692,change languagenone
693,decreaseheat
694,increasevolume
695,increasevolume
696,decreasevolume
697,decreaseheat
698,change languagenone
699,decreaseheat
700,change languagenone
701,increasevolume
702,change languagenone
703,decreasevolume
704,increasevolume
705,activatemusic
706,increaseheat
707,decreaseheat
708,decreasevolume
709,change languagenone
710,decreaseheat
711,increaseheat
712,increaseheat
713,increaseheat
714,decreasevolume
715,decreaseheat
716,decreaseheat
717,decreasevolume
718,increasevolume
719,decreaseheat
720,activatemusic
721,decreaseheat
722,increaseheat
723,increasevolume
724,deactivatelights
725,decreasevolume
726,decreaseheat
727,increaseheat
728,deactivatelights
729,increasevolume
730,increasevolume
731,increasevolume
732,increasevolume
733,increasevolume
734,decreasevolume
735,increasevolume
736,decreaseheat
737,increaseheat
738,decreasevolume
739,increasevolume
740,increasevolume
741,activatemusic
742,change languagenone
743,decreaseheat
744,activatemusic
745,increaseheat
746,increasevolume
747,decreasevolume
748,change languagenone
749,decreasevolume
750,decreaseheat
751,decreaseheat
752,increaseheat
753,increasevolume
754,change languagenone
755,increasevolume
756,change languagenone
757,decreasevolume
758,activatemusic
759,activatemusic
760,decreasevolume
761,decreasevolume
762,increaseheat
763,decreaseheat
764,decreasevolume
765,increaseheat
766,activatemusic
767,change languagenone
768,activatemusic
769,increasevolume
770,decreasevolume
771,deactivatelights
772,decreasevolume
773,decreaseheat
774,increasevolume
775,decreasevolume
776,activatemusic
777,change languagenone
778,deactivatelights
779,activatemusic
780,change languagenone
781,decreaseheat
782,increasevolume
783,increaseheat
784,change languagenone
785,change languagenone
786,increasevolume
787,increasevolume
788,decreaseheat
789,change languagenone
790,increaseheat
791,increaseheat
792,decreaseheat
793,increaseheat
794,increasevolume
795,deactivatelights
796,increasevolume
797,increasevolume
798,decreasevolume
799,decreasevolume
800,increasevolume
801,increasevolume
802,decreasevolume
803,decreaseheat
804,increasevolume
805,increasevolume
806,deactivatelights
807,activatemusic
808,increaseheat
809,increasevolume
810,increasevolume
811,increasevolume
812,decreasevolume
813,increaseheat
814,activatemusic
815,change languagenone
816,decreasevolume
817,increaseheat
818,decreasevolume
819,decreasevolume
820,decreasevolume
821,change languagenone
822,decreasevolume
823,decreasevolume
824,change languagenone
825,increaseheat
826,increasevolume
827,change languagenone
828,deactivatelights
829,decreaseheat
830,decreasevolume
831,decreaseheat
832,decreasevolume
833,decreaseheat
834,activatemusic
835,decreasevolume
836,decreaseheat
837,decreasevolume
838,decreaseheat
839,decreasevolume
840,increasevolume
841,decreasevolume
842,deactivatelights
843,increasevolume
844,increasevolume
845,increasevolume
846,increaseheat
847,decreaseheat
848,deactivatelights
849,deactivatelights
850,decreaseheat
851,increasevolume
852,decreaseheat
853,change languagenone
854,increasevolume
855,change languagenone
856,activatemusic
857,change languagenone
858,activatemusic
859,decreaseheat
860,increasevolume
861,decreasevolume
862,increaseheat
863,increasevolume
864,increasevolume
865,decreasevolume
866,decreaseheat
867,increasevolume
868,activatemusic
869,deactivatelights
870,change languagenone
871,change languagenone
872,decreaseheat
873,activatemusic
874,activatemusic
875,increaseheat
876,decreaseheat
877,decreasevolume
878,decreasevolume
879,deactivatelights
880,decreasevolume
881,decreasevolume
882,increasevolume
883,change languagenone
884,increasevolume
885,increasevolume
886,increasevolume
887,activatemusic
888,change languagenone
889,deactivatelights
890,increasevolume
891,decreasevolume
892,decreasevolume
893,decreasevolume
894,increaseheat
895,increasevolume
896,increaseheat
897,decreaseheat
898,increasevolume
899,increasevolume
900,decreasevolume
901,increasevolume
902,increaseheat
903,increasevolume
904,change languagenone
905,decreasevolume
906,deactivatelights
907,activatemusic
908,decreasevolume
909,activatemusic
910,decreaseheat
911,change languagenone
912,increaseheat
913,increaseheat
914,decreasevolume
915,decreasevolume
916,decreasevolume
917,decreaseheat
918,decreasevolume
919,activatemusic
920,deactivatelights
921,decreasevolume
922,increasevolume
923,increaseheat
924,decreasevolume
925,increasevolume
926,decreaseheat
927,change languagenone
928,decreaseheat
929,change languagenone
930,increasevolume
931,decreasevolume
932,decreaseheat
933,change languagenone
934,change languagenone
935,decreasevolume
936,activatemusic
937,activatemusic
938,increaseheat
939,increasevolume
940,change languagenone
941,increasevolume
942,increaseheat
943,decreasevolume
944,increasevolume
945,increasevolume
946,increasevolume
947,change languagenone
948,activatemusic
949,increasevolume
950,activatemusic
951,deactivatelights
952,decreaseheat
953,decreasevolume
954,decreasevolume
955,decreasevolume
956,decreasevolume
957,decreaseheat
958,decreasevolume
959,increasevolume
960,decreasevolume
961,decreasevolume
962,increasevolume
963,increaseheat
964,change languagenone
965,activatemusic
966,increaseheat
967,increasevolume
968,decreasevolume
969,decreaseheat
970,change languagenone
971,increasevolume
972,decreasevolume
973,decreaseheat
974,decreaseheat
975,increasevolume
976,increaseheat
977,change languagenone
978,decreasevolume
979,increaseheat
980,increasevolume
981,increasevolume
982,decreasevolume
983,decreasevolume
984,change languagenone
985,decreasevolume
986,increasevolume
987,increaseheat
988,increasevolume
989,increasevolume
990,increasevolume
991,increasevolume
992,decreaseheat
993,activatemusic
994,decreasevolume
995,increaseheat
996,decreasevolume
997,change languagenone
998,increasevolume
999,decreasevolume
1000,decreasevolume
1001,increasevolume
1002,change languagenone
1003,deactivatelights
1004,increasevolume
1005,increasevolume
1006,deactivatelights
1007,increasevolume
1008,decreasevolume
1009,decreasevolume
1010,decreasevolume
1011,decreasevolume
1012,decreaseheat
1013,increaseheat
1014,increasevolume
1015,decreasevolume
1016,deactivatelights
1017,deactivatelights
1018,change languagenone
1019,increasevolume
1020,increaseheat
1021,activatemusic
1022,decreasevolume
1023,decreaseheat
1024,activatemusic
1025,decreaseheat
1026,increasevolume
1027,increasevolume
1028,change languagenone
1029,increasevolume
1030,decreasevolume
1031,increasevolume
1032,decreaseheat
1033,deactivatelights
1034,decreasevolume
1035,decreaseheat
1036,increasevolume
1037,decreaseheat
1038,increasevolume
1039,increasevolume
1040,activatemusic
1041,increaseheat
1042,change languagenone
1043,increasevolume
1044,activatemusic
1045,increasevolume
1046,change languagenone
1047,increasevolume
1048,decreasevolume
1049,decreasevolume
1050,increasevolume
1051,increasevolume
1052,increasevolume
1053,decreaseheat
1054,decreasevolume
1055,decreaseheat
1056,decreasevolume
1057,increasevolume
1058,decreaseheat
1059,decreasevolume
1060,increasevolume
1061,increasevolume
1062,decreasevolume
1063,decreasevolume
1064,increasevolume
1065,increasevolume
1066,increaseheat
1067,increasevolume
1068,increasevolume
1069,increaseheat
1070,activatemusic
1071,increasevolume
1072,increaseheat
1073,deactivatelights
1074,decreaseheat
1075,increasevolume
1076,increasevolume
1077,decreasevolume
1078,decreaseheat
1079,decreasevolume
1080,increasevolume
1081,change languagenone
1082,change languagenone
1083,increasevolume
1084,increasevolume
1085,increasevolume
1086,activatemusic
1087,decreasevolume
1088,increasevolume
1089,decreaseheat
1090,increasevolume
1091,increasevolume
1092,decreaseheat
1093,decreaseheat
1094,increaseheat
1095,decreasevolume
1096,decreasevolume
1097,increasevolume
1098,change languagenone
1099,increasevolume
1100,increaseheat
1101,decreaseheat
1102,change languagenone
1103,activatemusic
1104,increasevolume
1105,increasevolume
1106,increasevolume
1107,decreasevolume
1108,decreasevolume
1109,deactivatelights
1110,change languagenone
1111,increasevolume
1112,change languagenone
1113,activatemusic
1114,decreaseheat
1115,increasevolume
1116,change languagenone
1117,activatemusic
1118,decreasevolume
1119,deactivatelights
1120,deactivatelights
1121,increasevolume
1122,increasevolume
1123,increasevolume
1124,increaseheat
1125,increasevolume
1126,deactivatelights
1127,decreasevolume
1128,decreasevolume
1129,increasevolume
1130,decreasevolume
1131,change languagenone
1132,increasevolume
1133,decreasevolume
1134,increaseheat
1135,change languagenone
1136,activatemusic
1137,increasevolume
1138,decreasevolume
1139,decreaseheat
1140,increasevolume
1141,increasevolume
1142,decreasevolume
1143,activatemusic
1144,activatemusic
1145,decreasevolume
1146,decreasevolume
1147,increaseheat
1148,decreasevolume
1149,decreasevolume
1150,decreaseheat
1151,decreaseheat
1152,change languagenone
1153,increasevolume
1154,increasevolume
1155,increasevolume
1156,increaseheat
1157,increasevolume
1158,decreaseheat
1159,increasevolume
1160,decreasevolume
1161,activatemusic
1162,decreasevolume
1163,increasevolume
1164,decreasevolume
1165,decreasevolume
1166,activatemusic
1167,increasevolume
1168,decreaseheat
1169,increasevolume
1170,decreasevolume
1171,increaseheat
1172,increaseheat
1173,decreasevolume
1174,increaseheat
1175,activatemusic
1176,change languagenone
1177,decreasevolume
1178,activatemusic
1179,increaseheat
1180,decreaseheat
1181,increasevolume
1182,change languagenone
1183,increaseheat
1184,activatemusic
1185,change languagenone
1186,decreaseheat
1187,decreaseheat
1188,increasevolume
1189,decreaseheat
1190,increaseheat
1191,increasevolume
1192,decreasevolume
1193,increasevolume
1194,decreaseheat
1195,increaseheat
1196,activatemusic
1197,decreasevolume
1198,deactivatelights
1199,deactivatelights
1200,increasevolume
1201,decreasevolume
1202,increasevolume
1203,increaseheat
1204,decreaseheat
1205,activatemusic
1206,decreasevolume
1207,deactivatelights
1208,increasevolume
1209,increaseheat
1210,activatemusic
1211,deactivatelights
1212,decreasevolume
1213,decreasevolume
1214,activatemusic
1215,increasevolume
1216,increaseheat
1217,deactivatelights
1218,increasevolume
1219,increasevolume
1220,increaseheat
1221,decreasevolume
1222,increasevolume
1223,decreaseheat
1224,activatemusic
1225,decreaseheat
1226,decreaseheat
1227,decreasevolume
1228,decreasevolume
1229,increaseheat
1230,decreasevolume
1231,decreasevolume
1232,decreasevolume
1233,increasevolume
1234,deactivatelights
1235,increasevolume
1236,change languagenone
1237,increasevolume
1238,increaseheat
1239,increaseheat
1240,increasevolume
1241,increasevolume
1242,activatemusic
1243,change languagenone
1244,change languagenone
1245,increaseheat
1246,decreasevolume
1247,decreasevolume
1248,decreaseheat
1249,increasevolume
1250,activatemusic
1251,decreasevolume
1252,activatemusic
1253,decreasevolume
1254,activatemusic
1255,decreasevolume
1256,decreasevolume
1257,change languagenone
1258,decreasevolume
1259,deactivatelights
1260,increasevolume
1261,deactivatelights
1262,decreaseheat
1263,increasevolume
1264,increasevolume
1265,decreasevolume
1266,decreasevolume
1267,increasevolume
1268,decreasevolume
1269,change languagenone
1270,change languagenone
1271,decreaseheat
1272,decreaseheat
1273,activatemusic
1274,increaseheat
1275,change languagenone
1276,activatemusic
1277,increasevolume
1278,decreaseheat
1279,decreasevolume
1280,increaseheat
1281,increasevolume
1282,change languagenone
1283,decreasevolume
1284,increasevolume
1285,decreasevolume
1286,decreasevolume
1287,increaseheat
1288,increaseheat
1289,decreaseheat
1290,increaseheat
1291,decreasevolume
1292,increasevolume
1293,increasevolume
1294,increaseheat
1295,activatemusic
1296,decreasevolume
1297,increasevolume
1298,increasevolume
1299,change languagenone
1300,decreasevolume
1301,decreaseheat
1302,activatemusic
1303,increasevolume
1304,increasevolume
1305,change languagenone
1306,activatemusic
1307,decreaseheat
1308,increasevolume
1309,decreaseheat
1310,increaseheat
1311,increaseheat
1312,deactivatelights
1313,decreasevolume
1314,decreasevolume
1315,decreasevolume
1316,activatemusic
1317,increaseheat
1318,increasevolume
1319,increasevolume
1320,increasevolume
1321,change languagenone
1322,increasevolume
1323,decreasevolume
1324,activatemusic
1325,decreasevolume
1326,decreasevolume
1327,increasevolume
1328,increaseheat
1329,increasevolume
1330,change languagenone
1331,change languagenone
1332,change languagenone
1333,decreasevolume
1334,change languagenone
1335,change languagenone
1336,increasevolume
1337,activatemusic
1338,increasevolume
1339,change languagenone
1340,decreasevolume
1341,decreasevolume
1342,increasevolume
1343,decreasevolume
1344,increasevolume
1345,decreasevolume
1346,change languagenone
1347,activatemusic
1348,increasevolume
1349,decreasevolume
1350,increaseheat
1351,decreasevolume
1352,deactivatelights
1353,increasevolume
1354,activatemusic
1355,increaseheat
1356,activatemusic
1357,decreasevolume
1358,decreasevolume
1359,increasevolume
1360,decreasevolume
1361,increasevolume
1362,decreaseheat
1363,change languagenone
1364,increasevolume
1365,deactivatelights
1366,increasevolume
1367,decreasevolume
1368,increaseheat
1369,decreaseheat
1370,increasevolume
1371,increasevolume
1372,change languagenone
1373,change languagenone
1374,decreasevolume
1375,decreasevolume
1376,deactivatelights
1377,increasevolume
1378,decreasevolume
1379,increasevolume
1380,deactivatelights
1381,increaseheat
1382,decreasevolume
1383,increasevolume
1384,decreaseheat
1385,increaseheat
1386,increaseheat
1387,decreasevolume
1388,decreasevolume
1389,increasevolume
1390,decreaseheat
1391,decreasevolume
1392,decreaseheat
1393,decreaseheat
1394,deactivatelights
1395,deactivatelights
1396,decreasevolume
1397,increasevolume
1398,increaseheat
1399,increaseheat
1400,deactivatelights
1401,increasevolume
1402,decreaseheat
1403,change languagenone
1404,increaseheat
1405,activatemusic
1406,increasevolume
1407,decreasevolume
1408,increasevolume
1409,decreaseheat
1410,increasevolume
1411,increasevolume
1412,deactivatelights
1413,decreasevolume
1414,decreaseheat
1415,change languagenone
1416,change languagenone
1417,decreaseheat
1418,change languagenone
1419,decreasevolume
1420,increasevolume
1421,change languagenone
1422,decreasevolume
1423,decreaseheat
1424,decreaseheat
1425,increaseheat
1426,activatemusic
1427,increaseheat
1428,increasevolume
1429,increaseheat
1430,decreasevolume
1431,decreasevolume
1432,deactivatelights
1433,increasevolume
1434,decreasevolume
1435,deactivatelights
1436,decreasevolume
1437,deactivatelights
1438,increasevolume
1439,increasevolume
1440,increaseheat
1441,increasevolume
1442,deactivatelights
1443,decreasevolume
1444,increasevolume
1445,increasevolume
1446,decreasevolume
1447,activatemusic
1448,increasevolume
1449,decreasevolume
1450,change languagenone
1451,increasevolume
1452,increaseheat
1453,decreaseheat
1454,activatemusic
